{"cameraMode":{"drawMode":0,"name":"Shaded","section":"Shading Mode"},"sceneLighting":true,"audioPlay":false,"sceneViewState":{"showFog":true,"showMaterialUpdate":false,"showSkybox":true,"showFlares":true,"showImageEffects":true,"showParticleSystems":true},"in2DMode":false,"pivot":{"x":0.6379623413085938,"y":1.4803271293640137,"z":-1.504312515258789},"rotation":{"x":-0.05755108594894409,"y":0.9258632659912109,"z":-0.15731994807720185,"w":-0.33869990706443789},"size":7.599998474121094,"orthographic":false}